{
  "asks": [
    [
      63226.33,
      4.29875
    ],
    [
      63226.47,
      0.0001
    ],
    [
      63226.48,
      0.00009
    ],
    [
      63226.67,
      0.00038
    ],
    [
      63226.76,
      0.0001
    ],
    [
      63226.82,
      0.00008
    ],
    [
      63226.97,
      0.00012
    ],
    [
      63226.98,
      0.0003
    ],
    [
      63227.05,
      0.28
    ],
    [
      63227.12,
      0.00013
    ]
  ],
  "bids": [
    [
      63226.32,
      1.30133
    ],
    [
      63226.31,
      0.0001
    ],
    [
      63226.3,
      0.0001
    ],
    [
      63226.28,
      0.0001
    ],
    [
      63226.2,
      1.9501
    ],
    [
      63226.16,
      0.0001
    ],
    [
      63226.09,
      0.0001
    ],
    [
      63226.01,
      0.0001
    ],
    [
      63226,
      0.0761
    ],
    [
      63225.27,
      0.0631
    ]
  ]
}